﻿<?xml version="1.0" encoding="UTF-8" standalone="yes"?>
<addon id="repository.simplecd.kodi" name="Demonstration repository" version="0.0.2" provider-name="SimpleCD">
	<extension point="xbmc.addon.repository" name="Demonstration Add-on Repository">
		<info compressed="false">http://raw.github.com/davies1995/SimpleCD/master/addons.xml</info>
		<checksum>http://raw.github.com/davies1995/SimpleCD/master/addons.xml.md5</checksum>
		<datadir zip="true">http://raw.github.com/davies1995/SimpleCD/master/repo/</datadir>
	</extension>
	<extension point="xbmc.addon.metadata">
		<summary>SimpleCD Build</summary>
		<description>Kodi Build</description>
		<disclaimer></disclaimer>
		<platform>all</platform>
	</extension>
</addon>